split,n_samples,mean_eval_cutoff,median_eval_cutoff,p5_eval_cutoff,p95_eval_cutoff,mean_shell1_n,mean_shell1_outer,mean_shell2_outer,mean_n_shells
train,102660,4.7104956537456095,4.396099090576172,3.597886085510254,6.739723467826826,4.5775277615429575,2.235446976879733,3.0772191548499612,10.253818429768167
val,12912,4.72208969511064,4.412600755691528,3.5951762199401855,6.797254490852349,4.536400247831475,2.2381867669301183,3.08186898073804,10.27679677819083
test,7696,4.711909698225604,4.396494388580322,3.603957951068878,6.6669392585754395,4.679183991683992,2.256080920159383,3.1064826279824387,10.30431392931393
holdout,5114,4.7483903778032905,4.393646240234375,3.603107976913452,9.393868446350098,4.54477903793508,2.218813071772602,3.068522920003265,10.036566288619476
